<assembly xmlns:xsi="http://www.w3.org/2001/XMLSchema-instance"
          xmlns="http://maven.apache.org/plugins/maven-assembly-plugin/assembly/1.1.2"
          xsi:schemaLocation="http://maven.apache.org/plugins/maven-assembly-plugin/assembly/1.1.2 http://maven.apache.org/xsd/assembly-1.1.2.xsd">
    <id>linux-amd64</id>
    <formats>
        <format>jar</format>
    </formats>
    <includeBaseDirectory>false</includeBaseDirectory>
    <dependencySets>
        <dependencySet>
            <useProjectArtifact>false</useProjectArtifact>
            <unpack>false</unpack>
            <includes>
                <include>org.jogamp.jogl:jogl-all:jar:2.3.1</include>
                <include>org.jogamp.jogl:jogl-all:jar:natives-macosx-universal:2.3.1</include>
                <include>org.jogamp.gluegen:gluegen-rt:jar:2.2.0</include>
                <include>org.jogamp.gluegen:gluegen-rt:jar:natives-macosx-universal:2.3.1</include>
            </includes>
        </dependencySet>
    </dependencySets>
</assembly>