<?xml version="1.0" encoding="iso-8859-1"?>
<!DOCTYPE log4j:configuration SYSTEM "log4j.dtd" >
<log4j:configuration xmlns:log4j="http://jakarta.apache.org/log4j/"
                     xmlns:xsi="http://www.w3.org/2001/XMLSchema-instance"
                     xsi:schemaLocation="http://jakarta.apache.org/log4j/ ">

    <appender name="default.console" class="org.apache.log4j.ConsoleAppender">
        <param name="target" value="System.out"/>
        <param name="threshold" value="all"/>
        <layout class="org.apache.log4j.PatternLayout">
            <param name="ConversionPattern" value="%d{ISO8601} %-5p [%c{1}] - %m%n"/>
        </layout>
    </appender>


    <!--<appender name="RollingAppender" class="org.apache.log4j.DailyRollingFileAppender">-->
    <!--<param name="File" value="app.log" />-->
    <!--<param name="DatePattern" value="'.'yyyy-MM-dd" />-->
    <!--<layout class="org.apache.log4j.PatternLayout">-->
    <!--<param name="ConversionPattern" value="[%p] %d %c %M - %m%n"/>-->
    <!--</layout>-->
    <!--</appender>-->

    <appender name="default.file" class="org.apache.log4j.DailyRollingFileAppender">
        <param name="file" value="posterout.log"/>
        <param name='Append' value='true'/>
        <param name="threshold" value="all"/>
        <param name="DatePattern" value="'.'yyyy-MM-dd"/>
        <layout class="org.apache.log4j.PatternLayout">
            <param name="ConversionPattern" value="[%p] %d %c %M - %m%n"/>
        </layout>
    </appender>


    <logger name="ltg.evl.uic.poster.PosterMain" additivity="false">
        <level value="all"/>
        <appender-ref ref="default.console"/>
        <appender-ref ref="default.file"/>
    </logger>

    <root>
        <priority value="all"/>
        <appender-ref ref="default.console"/>
        <appender-ref ref="default.file"/>
    </root>
</log4j:configuration>